{"cameraMode":{"drawMode":0,"name":"Shaded","section":"Shading Mode"},"sceneLighting":true,"audioPlay":false,"sceneViewState":{"m_AlwaysRefresh":false,"showFog":true,"showSkybox":true,"showFlares":true,"showImageEffects":true,"showParticleSystems":true,"showVisualEffectGraphs":true,"m_FxEnabled":true},"in2DMode":false,"pivot":{"x":267.3298645019531,"y":45.41780471801758,"z":-225.15298461914063},"rotation":{"x":0.11014639586210251,"y":-0.4699918329715729,"z":0.059246648102998736,"w":0.8737654089927673},"size":25.74789810180664,"orthographic":true}